rsid,cases_AA,cases_AB,cases_BB,controls_AA,controls_AB,controls_BB,max_model,max_stat,max_p,dom_stat,dom_p,rec_stat,rec_p,add_stat,add_p,het_stat,het_p,Genotype_Chisq,genotype_pval,Allelic_Chisq,allelic_pval,HWE_p,neglog10dom_p,pi,b-h=0.1*pi/17,dom_p,sig_dom
rs380390        ,50,35,11,6,25,19,Additive,5.117125263,8.56E-07,4.726564717,6.17E-06,3.766479563,0.000418007,5.117125263,8.56E-07,1.578135593,0.216247437,26.5099,1.80E-06,30.1432,4.00E-08,0.764665644,5.209714836,1,0.005882353,6.17E-06,
rs1219648      ,250,543,352,170,538,433,Additive,4.773280815,4.99E-06,4.28095123,4.97E-05,3.628286188,0.000725625,4.773280815,4.99E-06,0.130221107,0.988946321,23.6123,7.50E-06,23.4564,1.30E-06,0.900510077,4.303643611,2,0.011764706,4.97E-05,
rs2420946      ,242,546,357,165,537,440,Additive,4.759181532,5.34E-06,4.180481828,7.72E-05,3.688293677,0.000577358,4.759181532,5.34E-06,0.317423161,0.936387377,23.2821,8.80E-06,23.2057,1.50E-06,0.949962437,4.1123827,3,0.017647059,7.72E-05,
rs12505080      ,50,477,608,99,408,628,Dominant,4.152843262,8.46E-05,4.152843262,8.46E-05,0.842894887,0.639790958,0.986323229,0.544964842,2.969378073,0.007032269,21.8174,1.80E-05,0.9614,0.33,0.006337475,4.072629637,4,0.023529412,8.46E-05,
rs6983267      ,223,598,351,301,579,277,Additive,4.467715234,2.16E-05,4.038123969,0.000142818,3.266500131,0.002698425,4.467715234,2.16E-05,0.473288679,0.865484035,20.5414,3.50E-05,19.7059,9.00E-06,1,3.845217053,5,0.029411765,0.000142818,
rs7961152      ,416,963,570,492,1448,992,Additive,4.482144115,2.01E-05,4.0130867,0.000158074,3.365131511,0.00190999,4.482144115,2.01E-05,0.016335551,0.999826292,20.8093,3.00E-05,19.9696,7.90E-06,0.361331406,3.801139557,6,0.035294118,0.000158074,
rs7696175      ,187,605,353,249,496,396,Heterosis,4.481959264,2.01E-05,3.341278709,0.002069476,1.974551341,0.100328573,0.545998174,0.824673795,4.481959264,2.01E-05,22.0693,1.60E-05,0.3036,0.58,9.05E-05,2.684139606,7,0.041176471,0.002069476,
rs1937506      ,113,742,1097,244,1205,1484,Additive,4.434456817,2.43E-05,3.32808578,0.0021334,3.841888466,0.000309733,4.434456817,2.43E-05,2.147974471,0.067813968,20.0032,4.50E-05,19.5551,9.80E-06,1,2.670927709,8,0.047058824,0.0021334,
rs6997709      ,118,716,1116,237,1201,1500,Additive,4.468390787,2.07E-05,2.658700898,0.017889059,4.239035098,5.83E-05,4.468390787,2.07E-05,2.917162313,0.008284338,20.0801,4.40E-05,20.0089,7.70E-06,0.892069512,1.747412504,9,0.052941176,0.017889059,
rs7837688       ,27,283,861,11,206,939,Additive,4.693967136,6.66E-06,2.576987369,0.022017963,4.438005418,2.24E-05,4.693967136,6.66E-06,3.75766467,0.000409809,22.1458,1.60E-05,22.3622,2.30E-06,1,1.657222862,10,0.058823529,0.022017963,
rs1447295       ,25,283,864,10,218,929,Additive,4.080037845,0.00010868,2.516391485,0.026024061,3.76837704,0.000391127,4.080037845,0.00010868,3.115211578,0.004222083,17.1222,0.00019,16.6468,4.50E-05,0.631417273,1.584624932,11,0.064705882,0.026024061,
rs1329428        ,2,24,68,5,29,14,Recessive,4.926812423,2.21E-06,2.158317463,0.066268027,4.926812423,2.21E-06,4.918921849,2.30E-06,4.065663367,0.000121479,25.0452,3.60E-06,23.3421,1.40E-06,0.134231207,1.178695959,12,0.070588235,0.066268027,
rs2398162      ,111,624,1205,194,1121,1608,Recessive,4.910789322,2.42E-06,1.289216073,0.359547737,4.910789322,2.42E-06,4.469290581,2.05E-05,4.403984881,2.77E-05,24.1594,5.70E-06,20.4197,6.20E-06,0.961514157,0.44424344,13,0.076470588,0.359547737,
rs17157903      ,18,316,777,26,220,862,Heterosis,4.725362654,5.76E-06,1.227242645,0.397100693,4.213772233,6.17E-05,3.417360304,0.00149154,4.725362654,5.76E-06,23.0527,9.90E-06,11.6841,0.00063,0.01185335,0.401099355,14,0.082352941,0.397100693,
rs11110912      ,67,647,1237,83,804,2049,Recessive,4.657893817,8.15E-06,1.205131055,0.40980122,4.657893817,8.15E-06,4.435560839,2.32E-05,4.329786421,3.75E-05,21.6963,1.90E-05,19.4868,1.00E-05,0.688216081,0.387426753,15,0.088235294,0.40980122,
rs2820037       ,40,587,1325,72,684,2180,Heterosis,5.288442188,3.17E-07,0.922557984,0.588908071,4.843683569,3.23E-06,4.022464001,0.000140976,5.288442188,3.17E-07,28.165,7.70E-07,16.1211,5.90E-05,0.039667398,0.229952494,16,0.094117647,0.588908071,
rs10510126      ,10,180,955,14,272,854,Recessive,4.998954927,1.41E-06,0.831597207,0.650767171,4.998954927,1.41E-06,4.82721955,3.37E-06,4.883436505,2.54E-06,25.0205,3.70E-06,22.9512,1.70E-06,0.154554868,0.186574364,17,0.1,0.650767171,
,,,,,,,,,,,,,,,,,,,,,,,,,,,
,,,,,,,,,,,,,,,,,,,,,,,,,,,
,,,,,,,,,,,,,,,,,,,,,,0,,,,,
